42250.20958,BTCUSDT,61319.47,66419.15,1715812673561,1698405,61645.88,1715726220000,66178.0
42250.682,BTCUSDT,61319.47,66419.15,1715812679037,1698441,61645.88,1715726220000,66178.0
42249.26862,BTCUSDT,61319.47,66419.15,1715812684517,1698372,61658.71,1715726280000,66145.18
42252.05481,BTCUSDT,61319.47,66419.15,1715812689970,1698468,61658.71,1715726280000,66122.13
42252.69387,BTCUSDT,61319.47,66419.15,1715812695463,1698516,61658.71,1715726280000,66122.12
42258.38215,BTCUSDT,61319.47,66419.15,1715812700994,1698584,61658.71,1715726280000,66127.99
42258.49029,BTCUSDT,61319.47,66419.15,1715812706572,1698612,61658.71,1715726280000,66124.19
42258.94828,BTCUSDT,61319.47,66419.15,1715812712064,1698642,61658.71,1715726280000,66124.2
42259.20361,BTCUSDT,61319.47,66419.15,1715812717593,1698665,61658.71,1715726280000,66127.99
42261.19364,BTCUSDT,61319.47,66419.15,1715812723207,1698737,61658.71,1715726280000,66133.33
42263.42666,BTCUSDT,61319.47,66419.15,1715812728765,1698750,61658.71,1715726280000,66133.33
42263.54537,BTCUSDT,61319.47,66419.15,1715812734238,1698760,61658.71,1715726280000,66133.33
42266.0798,BTCUSDT,61319.47,66419.15,1715812739790,1698890,61658.71,1715726280000,66137.53
42260.73978,BTCUSDT,61319.47,66419.15,1715812745316,1698556,61699.8,1715726340000,66136.71
42261.15162,BTCUSDT,61319.47,66419.15,1715812750879,1698619,61699.8,1715726340000,66147.2
42353.59988,BTCUSDT,61319.47,66419.15,1715812756446,1699590,61699.8,1715726340000,66117.6
42356.0252,BTCUSDT,61319.47,66419.15,1715812761989,1699666,61699.8,1715726340000,66097.61
42357.2388,BTCUSDT,61319.47,66419.15,1715812767419,1699728,61699.8,1715726340000,66088.94
42357.65536,BTCUSDT,61319.47,66419.15,1715812772957,1699765,61699.8,1715726340000,66088.94
42359.17202,BTCUSDT,61319.47,66419.15,1715812778492,1699846,61699.8,1715726340000,66091.99
42360.75883,BTCUSDT,61319.47,66419.15,1715812784082,1699903,61699.8,1715726340000,66084.96
42362.41923,BTCUSDT,61319.47,66419.15,1715812789552,1699942,61699.8,1715726340000,66084.95
42364.30158,BTCUSDT,61319.47,66419.15,1715812795099,1700084,61699.8,1715726340000,66105.99
42359.35974,BTCUSDT,61319.47,66419.15,1715812800645,1699884,61699.8,1715726400000,66105.99
42359.68729,BTCUSDT,61319.47,66419.15,1715812806161,1699908,61699.8,1715726400000,66105.99
42360.69386,BTCUSDT,61319.47,66419.15,1715812811758,1699984,61699.8,1715726400000,66111.55
42361.00645,BTCUSDT,61319.47,66419.15,1715812817293,1700019,61699.8,1715726400000,66106.0
42362.14578,BTCUSDT,61319.47,66419.15,1715812822854,1700111,61699.8,1715726400000,66111.55
42363.43354,BTCUSDT,61319.47,66419.15,1715812828388,1700143,61699.8,1715726400000,66106.31
42364.71184,BTCUSDT,61319.47,66419.15,1715812833896,1700184,61699.8,1715726400000,66099.99
42365.06379,BTCUSDT,61319.47,66419.15,1715812839425,1700210,61699.8,1715726400000,66100.0
42367.55751,BTCUSDT,61319.47,66419.15,1715812845025,1700388,61699.8,1715726400000,66115.0
42367.89665,BTCUSDT,61319.47,66419.15,1715812850543,1700420,61699.8,1715726400000,66103.02
42368.79847,BTCUSDT,61319.47,66419.15,1715812856142,1700452,61699.8,1715726400000,66103.02
42365.90182,BTCUSDT,61319.47,66419.15,1715812861674,1700129,61724.87,1715726460000,66084.6
42370.36582,BTCUSDT,61319.47,66419.15,1715812867277,1700241,61724.87,1715726460000,66056.63
42382.04727,BTCUSDT,61319.47,66419.15,1715812872828,1700393,61724.87,1715726460000,66040.89
42382.13942,BTCUSDT,61319.47,66419.15,1715812878423,1700423,61724.87,1715726460000,66040.89
42383.31976,BTCUSDT,61319.47,66419.15,1715812883976,1700487,61724.87,1715726460000,66040.5
42385.47096,BTCUSDT,61319.47,66419.15,1715812889589,1700560,61724.87,1715726460000,66036.48
42388.38878,BTCUSDT,61319.47,66419.15,1715812895118,1700658,61724.87,1715726460000,66036.15
42388.5682,BTCUSDT,61319.47,66419.15,1715812900613,1700711,61724.87,1715726460000,66033.33
42388.69588,BTCUSDT,61319.47,66419.15,1715812906200,1700745,61724.87,1715726460000,66033.33
42389.41897,BTCUSDT,61319.47,66419.15,1715812911819,1700789,61724.87,1715726460000,66033.33
42389.58633,BTCUSDT,61319.47,66419.15,1715812917424,1700817,61724.87,1715726460000,66033.33
42381.65625,BTCUSDT,61319.47,66419.15,1715812923012,1700570,61727.27,1715726520000,66037.99
42387.42837,BTCUSDT,61319.47,66419.15,1715812928538,1700677,61727.27,1715726520000,66033.33
42387.91073,BTCUSDT,61319.47,66419.15,1715812934060,1700695,61727.27,1715726520000,66032.19
42390.19,BTCUSDT,61319.47,66419.15,1715812939604,1700855,61727.27,1715726520000,66044.84
42390.64415,BTCUSDT,61319.47,66419.15,1715812945139,1700909,61727.27,1715726520000,66049.99
42392.122,BTCUSDT,61319.47,66419.15,1715812950628,1700943,61727.27,1715726520000,66050.0
42392.48778,BTCUSDT,61319.47,66419.15,1715812956172,1700961,61727.27,1715726520000,66049.99
42392.67612,BTCUSDT,61319.47,66419.15,1715812961710,1700984,61727.27,1715726520000,66050.0
42394.18556,BTCUSDT,61319.47,66419.15,1715812967249,1701037,61727.27,1715726520000,66045.56
42394.73898,BTCUSDT,61319.47,66419.15,1715812972813,1701084,61727.27,1715726520000,66050.0
42397.67733,BTCUSDT,61319.47,66419.15,1715812978377,1701217,61727.27,1715726520000,66068.6
42388.34901,BTCUSDT,61319.47,66419.15,1715812983945,1700863,61745.55,1715726580000,66068.88
42388.61229,BTCUSDT,61319.47,66419.15,1715812989485,1700888,61745.55,1715726580000,66068.88
42389.59292,BTCUSDT,61319.47,66419.15,1715812994976,1700949,61745.55,1715726580000,66073.24
42391.46671,BTCUSDT,61319.47,66419.15,1715813000507,1700992,61745.55,1715726580000,66073.11
42391.59167,BTCUSDT,61319.47,66419.15,1715813006060,1701015,61745.55,1715726580000,66073.11
42391.87663,BTCUSDT,61319.47,66419.15,1715813011639,1701043,61745.55,1715726580000,66073.11
42392.13427,BTCUSDT,61319.47,66419.15,1715813017166,1701072,61745.55,1715726580000,66073.11
42392.2573,BTCUSDT,61319.47,66419.15,1715813022702,1701088,61745.55,1715726580000,66073.1
42392.99619,BTCUSDT,61319.47,66419.15,1715813028255,1701106,61745.55,1715726580000,66073.1
42464.74348,BTCUSDT,61319.47,66419.15,1715813033799,1701778,61745.55,1715726580000,66121.19
42466.50267,BTCUSDT,61319.47,66419.15,1715813039368,1701882,61745.55,1715726580000,66121.18
42457.29916,BTCUSDT,61319.47,66419.15,1715813044914,1701446,61730.21,1715726640000,66137.15
42458.83731,BTCUSDT,61319.47,66419.15,1715813050442,1701524,61730.21,1715726640000,66126.98
42459.29826,BTCUSDT,61319.47,66419.15,1715813056025,1701578,61730.21,1715726640000,66133.06
42459.38744,BTCUSDT,61319.47,66419.15,1715813061537,1701601,61730.21,1715726640000,66133.07
42459.61197,BTCUSDT,61319.47,66419.15,1715813067083,1701623,61730.21,1715726640000,66133.06
42460.54267,BTCUSDT,61319.47,66419.15,1715813072634,1701660,61730.21,1715726640000,66133.06
42460.59173,BTCUSDT,61319.47,66419.15,1715813078181,1701682,61730.21,1715726640000,66133.06
42462.11668,BTCUSDT,61319.47,66419.15,1715813083769,1701726,61730.21,1715726640000,66133.07
42462.21773,BTCUSDT,61319.47,66419.15,1715813089209,1701746,61730.21,1715726640000,66139.55
42462.63387,BTCUSDT,61319.47,66419.15,1715813094776,1701770,61730.21,1715726640000,66139.54
42457.18466,BTCUSDT,61319.47,66419.15,1715813100351,1701470,61714.21,1715726700000,66139.54
42458.73405,BTCUSDT,61319.47,66419.15,1715813105895,1701620,61714.21,1715726700000,66165.99
42459.72126,BTCUSDT,61319.47,66419.15,1715813111435,1701697,61714.21,1715726700000,66161.48
42459.84742,BTCUSDT,61319.47,66419.15,1715813116950,1701726,61714.21,1715726700000,66161.48
42460.07976,BTCUSDT,61319.47,66419.15,1715813122519,1701756,61714.21,1715726700000,66161.48
42467.17156,BTCUSDT,61319.47,66419.15,1715813128002,1701855,61714.21,1715726700000,66140.06
42467.57442,BTCUSDT,61319.47,66419.15,1715813133582,1701890,61714.21,1715726700000,66140.06
42467.70842,BTCUSDT,61319.47,66419.15,1715813139143,1701918,61714.21,1715726700000,66140.05
42468.05986,BTCUSDT,61319.47,66419.15,1715813144719,1701942,61714.21,1715726700000,66140.06
42468.31836,BTCUSDT,61319.47,66419.15,1715813150222,1701963,61714.21,1715726700000,66140.05
42469.05385,BTCUSDT,61319.47,66419.15,1715813155811,1702013,61714.21,1715726700000,66137.54
42462.65969,BTCUSDT,61319.47,66419.15,1715813161411,1701671,61736.09,1715726760000,66137.54
42462.76769,BTCUSDT,61319.47,66419.15,1715813167019,1701700,61736.09,1715726760000,66137.53
42464.13864,BTCUSDT,61319.47,66419.15,1715813172571,1701736,61736.09,1715726760000,66137.53
42464.2958,BTCUSDT,61319.47,66419.15,1715813178096,1701763,61736.09,1715726760000,66137.53
42464.32923,BTCUSDT,61319.47,66419.15,1715813183694,1701784,61736.09,1715726760000,66137.53
42465.11276,BTCUSDT,61319.47,66419.15,1715813189274,1701804,61736.09,1715726760000,66137.53
42465.32263,BTCUSDT,61319.47,66419.15,1715813194836,1701830,61736.09,1715726760000,66137.53
42471.39617,BTCUSDT,61319.47,66419.15,1715813200379,1701899,61736.09,1715726760000,66127.5
42471.48851,BTCUSDT,61319.47,66419.15,1715813205967,1701914,61736.09,1715726760000,66127.5
42472.03741,BTCUSDT,61319.47,66419.15,1715813211513,1701958,61736.09,1715726760000,66120.0
42472.1991,BTCUSDT,61319.47,66419.15,1715813217033,1701981,61736.09,1715726760000,66120.0
42467.89014,BTCUSDT,61319.47,66419.15,1715813222640,1701728,61738.33,1715726820000,66120.0
42471.00443,BTCUSDT,61319.47,66419.15,1715813228193,1701784,61738.33,1715726820000,66125.99
42471.70662,BTCUSDT,61319.47,66419.15,1715813233708,1701806,61738.33,1715726820000,66125.99
42472.93313,BTCUSDT,61319.47,66419.15,1715813239197,1701840,61738.33,1715726820000,66125.99
42473.33809,BTCUSDT,61319.47,66419.15,1715813244662,1701898,61738.33,1715726820000,66117.8
42480.23276,BTCUSDT,61319.47,66419.15,1715813250194,1702071,61738.33,1715726820000,66143.98
42482.27194,BTCUSDT,61319.47,66419.15,1715813255773,1702135,61738.33,1715726820000,66158.79
42483.17818,BTCUSDT,61319.47,66419.15,1715813261347,1702182,61738.33,1715726820000,66160.0
42484.23793,BTCUSDT,61319.47,66419.15,1715813266915,1702244,61738.33,1715726820000,66168.99
42484.92745,BTCUSDT,61319.47,66419.15,1715813272438,1702274,61738.33,1715726820000,66168.99
42485.53325,BTCUSDT,61319.47,66419.15,1715813278023,1702292,61738.33,1715726820000,66169.0
42482.77253,BTCUSDT,61319.47,66419.15,1715813283583,1702128,61738.33,1715726880000,66168.99
42489.28886,BTCUSDT,61319.47,66419.15,1715813289098,1702236,61738.33,1715726880000,66153.34
42489.5713,BTCUSDT,61319.47,66419.15,1715813294653,1702260,61738.33,1715726880000,66153.33
42491.83679,BTCUSDT,61319.47,66419.15,1715813300226,1702292,61738.33,1715726880000,66152.6
42493.03792,BTCUSDT,61319.47,66419.15,1715813305679,1702345,61738.33,1715726880000,66148.31
42493.25786,BTCUSDT,61319.47,66419.15,1715813311212,1702368,61738.33,1715726880000,66148.31
42493.52955,BTCUSDT,61319.47,66419.15,1715813316764,1702389,61738.33,1715726880000,66148.32
42494.20055,BTCUSDT,61319.47,66419.15,1715813322301,1702418,61738.33,1715726880000,66148.31
42494.23784,BTCUSDT,61319.47,66419.15,1715813327898,1702431,61738.33,1715726880000,66148.31
42494.33668,BTCUSDT,61319.47,66419.15,1715813333403,1702452,61738.33,1715726880000,66148.32
42500.53685,BTCUSDT,61319.47,66419.15,1715813338970,1702526,61738.33,1715726880000,66144.88
42488.64978,BTCUSDT,61319.47,66419.15,1715813344516,1702034,61755.99,1715726940000,66148.0
42489.18023,BTCUSDT,61319.47,66419.15,1715813350039,1702063,61755.99,1715726940000,66147.99
42489.96935,BTCUSDT,61319.47,66419.15,1715813355567,1702097,61755.99,1715726940000,66144.88
42490.39664,BTCUSDT,61319.47,66419.15,1715813361104,1702126,61755.99,1715726940000,66144.88
42490.87533,BTCUSDT,61319.47,66419.15,1715813366626,1702154,61755.99,1715726940000,66144.89
42495.03199,BTCUSDT,61319.47,66419.15,1715813372187,1702193,61755.99,1715726940000,66144.73
42495.1279,BTCUSDT,61319.47,66419.15,1715813377739,1702218,61755.99,1715726940000,66144.74
42495.66071,BTCUSDT,61319.47,66419.15,1715813383327,1702239,61755.99,1715726940000,66144.74
42495.98801,BTCUSDT,61319.47,66419.15,1715813388834,1702255,61755.99,1715726940000,66144.74
42503.13285,BTCUSDT,61319.47,66419.15,1715813394395,1702425,61755.99,1715726940000,66118.47
42515.54152,BTCUSDT,61319.47,66419.15,1715813399940,1702614,61755.99,1715726940000,66115.87
42509.2124,BTCUSDT,61319.47,66419.15,1715813405515,1702403,61755.6,1715727000000,66106.67
42512.617,BTCUSDT,61319.47,66419.15,1715813410993,1702470,61755.6,1715727000000,66087.39
42513.66034,BTCUSDT,61319.47,66419.15,1715813416609,1702513,61755.6,1715727000000,66087.4
42516.21542,BTCUSDT,61319.47,66419.15,1715813422199,1702618,61755.6,1715727000000,66070.65
42516.99731,BTCUSDT,61319.47,66419.15,1715813427763,1702663,61755.6,1715727000000,66061.4
42518.3575,BTCUSDT,61319.47,66419.15,1715813433297,1702738,61755.6,1715727000000,66069.01
42518.48607,BTCUSDT,61319.47,66419.15,1715813438775,1702762,61755.6,1715727000000,66069.0
42519.30858,BTCUSDT,61319.47,66419.15,1715813444350,1702820,61755.6,1715727000000,66071.78
42521.22071,BTCUSDT,61319.47,66419.15,1715813449876,1702932,61755.6,1715727000000,66092.0
42521.8984,BTCUSDT,61319.47,66419.15,1715813455470,1702971,61755.6,1715727000000,66091.99
42514.30449,BTCUSDT,61319.47,66419.15,1715813461008,1702674,61756.0,1715727060000,66087.05
42514.96911,BTCUSDT,61319.47,66419.15,1715813466603,1702703,61756.0,1715727060000,66079.99
42515.15645,BTCUSDT,61319.47,66419.15,1715813472102,1702723,61756.0,1715727060000,66074.01
42515.51283,BTCUSDT,61319.47,66419.15,1715813477555,1702752,61756.0,1715727060000,66069.0
42515.96044,BTCUSDT,61319.47,66419.15,1715813483125,1702794,61756.0,1715727060000,66058.36
42516.04456,BTCUSDT,61319.47,66419.15,1715813488713,1702814,61756.0,1715727060000,66058.36
42518.12473,BTCUSDT,61319.47,66419.15,1715813494263,1702891,61756.0,1715727060000,66066.67
42520.41016,BTCUSDT,61319.47,66419.15,1715813499788,1702934,61756.0,1715727060000,66066.69
42521.50076,BTCUSDT,61319.47,66419.15,1715813505348,1702960,61756.0,1715727060000,66066.69
42521.56863,BTCUSDT,61319.47,66419.15,1715813510862,1702980,61756.0,1715727060000,66066.69
42522.44335,BTCUSDT,61319.47,66419.15,1715813516461,1703020,61756.0,1715727060000,66062.2
42513.70815,BTCUSDT,61319.47,66419.15,1715813522070,1702577,61736.76,1715727120000,66058.36
42513.95635,BTCUSDT,61319.47,66419.15,1715813527613,1702607,61736.76,1715727120000,66058.37
42514.23602,BTCUSDT,61319.47,66419.15,1715813533194,1702637,61736.76,1715727120000,66058.36
42514.26011,BTCUSDT,61319.47,66419.15,1715813538770,1702655,61736.76,1715727120000,66058.36
42514.53166,BTCUSDT,61319.47,66419.15,1715813544391,1702678,61736.76,1715727120000,66058.36
42514.68272,BTCUSDT,61319.47,66419.15,1715813549882,1702696,61736.76,1715727120000,66058.36
42537.95552,BTCUSDT,61319.47,66419.15,1715813555403,1703022,61736.76,1715727120000,66083.98
42538.06895,BTCUSDT,61319.47,66419.15,1715813560894,1703052,61736.76,1715727120000,66083.98
42538.32811,BTCUSDT,61319.47,66419.15,1715813566495,1703077,61736.76,1715727120000,66083.98
42540.35995,BTCUSDT,61319.47,66419.15,1715813572018,1703121,61736.76,1715727120000,66077.2
42541.8712,BTCUSDT,61319.47,66419.15,1715813577607,1703145,61736.76,1715727120000,66077.2
42540.21604,BTCUSDT,61319.47,66419.15,1715813583159,1702963,61735.0,1715727180000,66087.04
42540.98148,BTCUSDT,61319.47,66419.15,1715813588733,1703005,61735.0,1715727180000,66096.32
42541.18581,BTCUSDT,61319.47,66419.15,1715813594296,1703079,61735.0,1715727180000,66096.33
42541.59136,BTCUSDT,61319.47,66419.15,1715813599807,1703117,61735.0,1715727180000,66090.2
42541.69622,BTCUSDT,61319.47,66419.15,1715813605359,1703136,61735.0,1715727180000,66090.2
42543.82694,BTCUSDT,61319.47,66419.15,1715813610888,1703167,61735.0,1715727180000,66090.21
42548.37998,BTCUSDT,61319.47,66419.15,1715813616469,1703235,61735.0,1715727180000,66101.19
42548.44165,BTCUSDT,61319.47,66419.15,1715813621947,1703249,61735.0,1715727180000,66101.18
42548.61254,BTCUSDT,61319.47,66419.15,1715813627445,1703276,61735.0,1715727180000,66101.19
42548.96691,BTCUSDT,61319.47,66419.15,1715813633047,1703290,61735.0,1715727180000,66101.18
42549.01569,BTCUSDT,61319.47,66419.15,1715813638616,1703303,61735.0,1715727180000,66101.19
42548.58895,BTCUSDT,61319.47,66419.15,1715813644201,1703151,61735.0,1715727240000,66093.34
42548.60485,BTCUSDT,61319.47,66419.15,1715813649762,1703169,61735.0,1715727240000,66093.33
42550.37254,BTCUSDT,61319.47,66419.15,1715813655317,1703199,61735.0,1715727240000,66093.33
42550.68055,BTCUSDT,61319.47,66419.15,1715813660849,1703227,61735.0,1715727240000,66093.34
42550.80902,BTCUSDT,61319.47,66419.15,1715813666428,1703249,61735.0,1715727240000,66093.33
42551.43202,BTCUSDT,61319.47,66419.15,1715813671979,1703273,61735.0,1715727240000,66093.33
42551.86315,BTCUSDT,61319.47,66419.15,1715813677581,1703300,61735.0,1715727240000,66093.33
42552.6649,BTCUSDT,61319.47,66419.15,1715813683203,1703348,61735.0,1715727240000,66084.62
42552.67459,BTCUSDT,61319.47,66419.15,1715813688740,1703356,61735.0,1715727240000,66084.62
42552.84924,BTCUSDT,61319.47,66419.15,1715813694278,1703369,61735.0,1715727240000,66084.62
42548.737,BTCUSDT,61319.47,66419.15,1715813700016,1703029,61759.99,1715727300000,66084.63
42548.84471,BTCUSDT,61319.47,66419.15,1715813705574,1703070,61759.99,1715727300000,66084.62
42549.67945,BTCUSDT,61319.47,66419.15,1715813711055,1703097,61759.99,1715727300000,66079.99
42550.1789,BTCUSDT,61319.47,66419.15,1715813716635,1703125,61759.99,1715727300000,66073.33
42550.57215,BTCUSDT,61319.47,66419.15,1715813722108,1703161,61759.99,1715727300000,66070.47
42550.75148,BTCUSDT,61319.47,66419.15,1715813727667,1703179,61759.99,1715727300000,66070.47
42550.9279,BTCUSDT,61319.47,66419.15,1715813733134,1703196,61759.99,1715727300000,66070.46
42551.06871,BTCUSDT,61319.47,66419.15,1715813738707,1703208,61759.99,1715727300000,66070.46
42551.10966,BTCUSDT,61319.47,66419.15,1715813744286,1703219,61759.99,1715727300000,66070.47
42551.79968,BTCUSDT,61319.47,66419.15,1715813749841,1703226,61759.99,1715727300000,66070.46
42551.99291,BTCUSDT,61319.47,66419.15,1715813755338,1703247,61759.99,1715727300000,66070.46
42545.34934,BTCUSDT,61319.47,66419.15,1715813760902,1702932,61752.4,1715727360000,66070.47
42545.50675,BTCUSDT,61319.47,66419.15,1715813766500,1702961,61752.4,1715727360000,66070.46
42550.97507,BTCUSDT,61319.47,66419.15,1715813772061,1703138,61752.4,1715727360000,66084.62
42551.99076,BTCUSDT,61319.47,66419.15,1715813777602,1703205,61752.4,1715727360000,66093.34
42552.07018,BTCUSDT,61319.47,66419.15,1715813783199,1703226,61752.4,1715727360000,66093.33
42552.66273,BTCUSDT,61319.47,66419.15,1715813788742,1703243,61752.4,1715727360000,66092.06
42553.1063,BTCUSDT,61319.47,66419.15,1715813794316,1703272,61752.4,1715727360000,66089.83
42553.51028,BTCUSDT,61319.47,66419.15,1715813799856,1703299,61752.4,1715727360000,66076.2
42556.37538,BTCUSDT,61319.47,66419.15,1715813805344,1703375,61752.4,1715727360000,66093.34
42556.98786,BTCUSDT,61319.47,66419.15,1715813810847,1703431,61752.4,1715727360000,66095.0
42559.83229,BTCUSDT,61319.47,66419.15,1715813816365,1703515,61752.4,1715727360000,66110.0
42553.00622,BTCUSDT,61319.47,66419.15,1715813821935,1703159,61717.51,1715727420000,66126.66
42553.75519,BTCUSDT,61319.47,66419.15,1715813827465,1703204,61717.51,1715727420000,66114.01
42553.89815,BTCUSDT,61319.47,66419.15,1715813832976,1703226,61717.51,1715727420000,66114.0
42555.17149,BTCUSDT,61319.47,66419.15,1715813838682,1703270,61717.51,1715727420000,66100.0
42555.45283,BTCUSDT,61319.47,66419.15,1715813844229,1703301,61717.51,1715727420000,66100.0
42555.63767,BTCUSDT,61319.47,66419.15,1715813849833,1703320,61717.51,1715727420000,66100.0
42555.67444,BTCUSDT,61319.47,66419.15,1715813855404,1703341,61717.51,1715727420000,66100.0
42555.75764,BTCUSDT,61319.47,66419.15,1715813860857,1703362,61717.51,1715727420000,66100.0
42555.88043,BTCUSDT,61319.47,66419.15,1715813866298,1703380,61717.51,1715727420000,66100.0
42556.50491,BTCUSDT,61319.47,66419.15,1715813871770,1703404,61717.51,1715727420000,66100.01
42556.68208,BTCUSDT,61319.47,66419.15,1715813877413,1703438,61717.51,1715727420000,66105.79
42547.99481,BTCUSDT,61319.47,66419.15,1715813883035,1703279,61714.94,1715727480000,66113.33
42548.30256,BTCUSDT,61319.47,66419.15,1715813888621,1703305,61714.94,1715727480000,66113.33
42549.6106,BTCUSDT,61319.47,66419.15,1715813894179,1703409,61714.94,1715727480000,66123.57
42552.2894,BTCUSDT,61319.47,66419.15,1715813899723,1703570,61714.94,1715727480000,66143.72
42553.49263,BTCUSDT,61319.47,66419.15,1715813905271,1703652,61714.94,1715727480000,66146.99
42554.11391,BTCUSDT,61319.47,66419.15,1715813910855,1703702,61714.94,1715727480000,66143.0
42554.77011,BTCUSDT,61319.47,66419.15,1715813916386,1703743,61714.94,1715727480000,66138.7
42554.9473,BTCUSDT,61319.47,66419.15,1715813921974,1703761,61714.94,1715727480000,66138.7
42555.02777,BTCUSDT,61319.47,66419.15,1715813927573,1703776,61714.94,1715727480000,66138.7
42555.34709,BTCUSDT,61319.47,66419.15,1715813933179,1703791,61714.94,1715727480000,66138.7
42555.55766,BTCUSDT,61319.47,66419.15,1715813938640,1703806,61714.94,1715727480000,66138.7
42553.14807,BTCUSDT,61319.47,66419.15,1715813944392,1703655,61709.41,1715727540000,66138.21
42553.79353,BTCUSDT,61319.47,66419.15,1715813949917,1703696,61709.41,1715727540000,66128.4
42554.41785,BTCUSDT,61319.47,66419.15,1715813955509,1703743,61709.41,1715727540000,66120.06
42555.37416,BTCUSDT,61319.47,66419.15,1715813961070,1703812,61709.41,1715727540000,66127.89
42557.68781,BTCUSDT,61319.47,66419.15,1715813966713,1703894,61709.41,1715727540000,66117.5
42558.33025,BTCUSDT,61319.47,66419.15,1715813972220,1703908,61709.41,1715727540000,66117.5
42558.49383,BTCUSDT,61319.47,66419.15,1715813977714,1703924,61709.41,1715727540000,66117.51
42559.16572,BTCUSDT,61319.47,66419.15,1715813983381,1703944,61709.41,1715727540000,66117.51
42559.38659,BTCUSDT,61319.47,66419.15,1715813988943,1703966,61709.41,1715727540000,66117.5
42559.46059,BTCUSDT,61319.47,66419.15,1715813994501,1703993,61709.41,1715727540000,66117.5
42561.41086,BTCUSDT,61319.47,66419.15,1715813999994,1704038,61709.41,1715727540000,66116.31
42558.5952,BTCUSDT,61319.47,66419.15,1715814005602,1703841,61708.78,1715727600000,66116.3
42565.81574,BTCUSDT,61319.47,66419.15,1715814012153,1704078,61708.78,1715727600000,66133.2
42565.90995,BTCUSDT,61319.47,66419.15,1715814017745,1704105,61708.78,1715727600000,66133.19
42566.0181,BTCUSDT,61319.47,66419.15,1715814023301,1704129,61708.78,1715727600000,66133.19
42580.20049,BTCUSDT,61319.47,66419.15,1715814028842,1704352,61708.78,1715727600000,66159.99
42582.12317,BTCUSDT,61319.47,66419.15,1715814034373,1704448,61708.78,1715727600000,66170.0
42582.61654,BTCUSDT,61319.47,66419.15,1715814039914,1704484,61708.78,1715727600000,66172.52
42583.08805,BTCUSDT,61319.47,66419.15,1715814045453,1704504,61708.78,1715727600000,66172.51
42584.53249,BTCUSDT,61319.47,66419.15,1715814050974,1704577,61708.78,1715727600000,66186.67
42585.49854,BTCUSDT,61319.47,66419.15,1715814056486,1704670,61708.78,1715727600000,66192.14
42584.14895,BTCUSDT,61319.47,66419.15,1715814062013,1704244,61726.62,1715727660000,66186.0
42589.25625,BTCUSDT,61319.47,66419.15,1715814067593,1704330,61726.62,1715727660000,66170.0
42589.3309,BTCUSDT,61319.47,66419.15,1715814073155,1704349,61726.62,1715727660000,66169.99
42590.1195,BTCUSDT,61319.47,66419.15,1715814078706,1704383,61726.62,1715727660000,66170.0
42591.69737,BTCUSDT,61319.47,66419.15,1715814084246,1704423,61726.62,1715727660000,66170.0
42592.7771,BTCUSDT,61319.47,66419.15,1715814089820,1704513,61726.62,1715727660000,66174.04
42593.28995,BTCUSDT,61319.47,66419.15,1715814095341,1704561,61726.62,1715727660000,66174.04
42593.62833,BTCUSDT,61319.47,66419.15,1715814100816,1704579,61726.62,1715727660000,66174.04
42593.84931,BTCUSDT,61319.47,66419.15,1715814106380,1704601,61726.62,1715727660000,66174.03
42594.48072,BTCUSDT,61319.47,66419.15,1715814111951,1704636,61726.62,1715727660000,66174.04
42594.63588,BTCUSDT,61319.47,66419.15,1715814117594,1704659,61726.62,1715727660000,66174.03
42588.67031,BTCUSDT,61319.47,66419.15,1715814123192,1704293,61670.0,1715727720000,66180.0
42588.90359,BTCUSDT,61319.47,66419.15,1715814128810,1704324,61670.0,1715727720000,66181.65
42609.37672,BTCUSDT,61319.47,66419.15,1715814134453,1704725,61670.0,1715727720000,66114.28
42611.19686,BTCUSDT,61319.47,66419.15,1715814139938,1704858,61670.0,1715727720000,66082.0
42612.574,BTCUSDT,61319.47,66419.15,1715814145603,1704929,61670.0,1715727720000,66088.39
42612.86653,BTCUSDT,61319.47,66419.15,1715814151193,1704983,61670.0,1715727720000,66090.27
42613.5066,BTCUSDT,61319.47,66419.15,1715814156789,1705076,61670.0,1715727720000,66085.36
42618.4346,BTCUSDT,61319.47,66419.15,1715814162365,1705189,61670.0,1715727720000,66072.01
42620.84293,BTCUSDT,61319.47,66419.15,1715814168002,1705243,61670.0,1715727720000,66075.37
42621.72696,BTCUSDT,61319.47,66419.15,1715814173590,1705278,61670.0,1715727720000,66074.0
42621.81137,BTCUSDT,61319.47,66419.15,1715814179229,1705301,61670.0,1715727720000,66074.01
42611.55149,BTCUSDT,61319.47,66419.15,1715814184835,1704910,61679.04,1715727780000,66074.01
42612.46588,BTCUSDT,61319.47,66419.15,1715814190375,1705006,61679.04,1715727780000,66083.21
42613.16742,BTCUSDT,61319.47,66419.15,1715814195925,1705049,61679.04,1715727780000,66075.36
42613.77359,BTCUSDT,61319.47,66419.15,1715814201518,1705098,61679.04,1715727780000,66075.37
42617.13455,BTCUSDT,61319.47,66419.15,1715814207179,1705241,61679.04,1715727780000,66097.64
42617.36141,BTCUSDT,61319.47,66419.15,1715814212721,1705272,61679.04,1715727780000,66097.63
42617.41505,BTCUSDT,61319.47,66419.15,1715814218368,1705293,61679.04,1715727780000,66097.64
42617.46701,BTCUSDT,61319.47,66419.15,1715814224001,1705310,61679.04,1715727780000,66097.64
42617.93257,BTCUSDT,61319.47,66419.15,1715814229594,1705336,61679.04,1715727780000,66097.63
42619.39357,BTCUSDT,61319.47,66419.15,1715814235212,1705392,61679.04,1715727780000,66089.04
42614.46189,BTCUSDT,61319.47,66419.15,1715814240815,1705089,61660.01,1715727840000,66089.04
42614.63016,BTCUSDT,61319.47,66419.15,1715814246458,1705109,61660.01,1715727840000,66089.03
42615.89549,BTCUSDT,61319.47,66419.15,1715814252088,1705154,61660.01,1715727840000,66083.3
42616.43621,BTCUSDT,61319.47,66419.15,1715814257574,1705186,61660.01,1715727840000,66083.22
42616.66112,BTCUSDT,61319.47,66419.15,1715814263059,1705205,61660.01,1715727840000,66083.21
42618.1302,BTCUSDT,61319.47,66419.15,1715814268557,1705237,61660.01,1715727840000,66083.22
42618.32892,BTCUSDT,61319.47,66419.15,1715814274169,1705254,61660.01,1715727840000,66083.21
42618.45219,BTCUSDT,61319.47,66419.15,1715814279833,1705272,61660.01,1715727840000,66083.22
42620.44804,BTCUSDT,61319.47,66419.15,1715814285368,1705368,61660.01,1715727840000,66097.64
42621.96582,BTCUSDT,61319.47,66419.15,1715814291001,1705424,61660.01,1715727840000,66106.67
42622.12449,BTCUSDT,61319.47,66419.15,1715814296673,1705443,61660.01,1715727840000,66106.66
42619.5575,BTCUSDT,61319.47,66419.15,1715814302312,1705229,61665.16,1715727900000,66106.66
42622.33261,BTCUSDT,61319.47,66419.15,1715814308881,1705294,61665.16,1715727900000,66115.99
42623.23149,BTCUSDT,61319.47,66419.15,1715814314526,1705339,61665.16,1715727900000,66119.39
42623.47601,BTCUSDT,61319.47,66419.15,1715814320130,1705371,61665.16,1715727900000,66116.0
42624.30464,BTCUSDT,61319.47,66419.15,1715814325744,1705390,61665.16,1715727900000,66116.0
42624.47072,BTCUSDT,61319.47,66419.15,1715814331314,1705417,61665.16,1715727900000,66116.01
42624.52618,BTCUSDT,61319.47,66419.15,1715814336957,1705434,61665.16,1715727900000,66116.0
42624.8588,BTCUSDT,61319.47,66419.15,1715814342530,1705448,61665.16,1715727900000,66116.01
42624.92526,BTCUSDT,61319.47,66419.15,1715814348164,1705467,61665.16,1715727900000,66116.0
42625.11728,BTCUSDT,61319.47,66419.15,1715814353826,1705487,61665.16,1715727900000,66116.0
42625.47547,BTCUSDT,61319.47,66419.15,1715814359332,1705512,61665.16,1715727900000,66116.01
42623.18347,BTCUSDT,61319.47,66419.15,1715814364983,1705275,61673.97,1715727960000,66116.01
42627.04724,BTCUSDT,61319.47,66419.15,1715814370541,1705373,61673.97,1715727960000,66100.01
42627.33296,BTCUSDT,61319.47,66419.15,1715814376169,1705401,61673.97,1715727960000,66100.0
42627.3497,BTCUSDT,61319.47,66419.15,1715814381740,1705419,61673.97,1715727960000,66100.0
42628.82421,BTCUSDT,61319.47,66419.15,1715814387381,1705463,61673.97,1715727960000,66100.45
42629.32766,BTCUSDT,61319.47,66419.15,1715814392986,1705511,61673.97,1715727960000,66111.99
42631.97138,BTCUSDT,61319.47,66419.15,1715814398528,1705682,61673.97,1715727960000,66121.91
42634.31082,BTCUSDT,61319.47,66419.15,1715814404193,1705787,61673.97,1715727960000,66136.0
42635.55514,BTCUSDT,61319.47,66419.15,1715814409714,1705890,61673.97,1715727960000,66150.0
42636.65141,BTCUSDT,61319.47,66419.15,1715814415226,1705963,61673.97,1715727960000,66166.67
42633.139,BTCUSDT,61319.47,66419.15,1715814420833,1705793,61678.8,1715728020000,66152.48
42633.53894,BTCUSDT,61319.47,66419.15,1715814426419,1705826,61678.8,1715728020000,66157.27
42633.8071,BTCUSDT,61319.47,66419.15,1715814432059,1705848,61678.8,1715728020000,66157.26
42634.69825,BTCUSDT,61319.47,66419.15,1715814437684,1705900,61678.8,1715728020000,66146.66
42635.83934,BTCUSDT,61319.47,66419.15,1715814443267,1705927,61678.8,1715728020000,66146.67
42636.83448,BTCUSDT,61319.47,66419.15,1715814448894,1705945,61678.8,1715728020000,66146.66
42636.89,BTCUSDT,61319.47,66419.15,1715814454493,1705962,61678.8,1715728020000,66146.66
42637.5193,BTCUSDT,61319.47,66419.15,1715814460075,1705992,61678.8,1715728020000,66146.66
42638.69593,BTCUSDT,61319.47,66419.15,1715814465690,1706049,61678.8,1715728020000,66155.65
42638.98818,BTCUSDT,61319.47,66419.15,1715814471312,1706089,61678.8,1715728020000,66160.39
42639.26232,BTCUSDT,61319.47,66419.15,1715814476906,1706121,61678.8,1715728020000,66164.33
42636.1429,BTCUSDT,61319.47,66419.15,1715814482451,1705827,61639.8,1715728080000,66164.33
42636.25916,BTCUSDT,61319.47,66419.15,1715814488090,1705839,61639.8,1715728080000,66164.34
42636.35344,BTCUSDT,61319.47,66419.15,1715814493626,1705858,61639.8,1715728080000,66164.33
42636.62665,BTCUSDT,61319.47,66419.15,1715814499179,1705882,61639.8,1715728080000,66164.34
42637.66249,BTCUSDT,61319.47,66419.15,1715814504809,1705938,61639.8,1715728080000,66165.58
42638.14835,BTCUSDT,61319.47,66419.15,1715814510410,1706011,61639.8,1715728080000,66169.89
42639.96435,BTCUSDT,61319.47,66419.15,1715814515982,1706056,61639.8,1715728080000,66170.39
42640.21237,BTCUSDT,61319.47,66419.15,1715814521566,1706103,61639.8,1715728080000,66178.57
42640.38414,BTCUSDT,61319.47,66419.15,1715814527170,1706124,61639.8,1715728080000,66178.57
42658.15805,BTCUSDT,61319.47,66419.15,1715814532664,1706545,61639.8,1715728080000,66117.99
42659.53302,BTCUSDT,61319.47,66419.15,1715814538276,1706592,61639.8,1715728080000,66109.34
42658.00581,BTCUSDT,61319.47,66419.15,1715814543882,1706469,61641.23,1715728140000,66111.99
42683.1842,BTCUSDT,61319.47,66419.15,1715814549410,1707006,61641.23,1715728140000,66216.44
42685.57254,BTCUSDT,61319.47,66419.15,1715814554999,1707098,61641.23,1715728140000,66207.41
42692.76992,BTCUSDT,61319.47,66419.15,1715814560502,1707235,61641.23,1715728140000,66173.34
42695.4637,BTCUSDT,61319.47,66419.15,1715814566065,1707310,61641.23,1715728140000,66184.34
42696.24967,BTCUSDT,61319.47,66419.15,1715814571606,1707358,61641.23,1715728140000,66196.58
42696.95694,BTCUSDT,61319.47,66419.15,1715814577199,1707407,61641.23,1715728140000,66206.03
42697.32216,BTCUSDT,61319.47,66419.15,1715814582759,1707446,61641.23,1715728140000,66206.02
42700.63495,BTCUSDT,61319.47,66419.15,1715814588346,1707500,61641.23,1715728140000,66207.41
42700.9286,BTCUSDT,61319.47,66419.15,1715814593858,1707527,61641.23,1715728140000,66207.41
42704.18915,BTCUSDT,61319.47,66419.15,1715814599426,1707592,61641.23,1715728140000,66198.01
42702.98796,BTCUSDT,61319.47,66419.15,1715814604988,1707461,61626.23,1715728200000,66166.7
42703.86276,BTCUSDT,61319.47,66419.15,1715814610526,1707507,61626.23,1715728200000,66162.39
42704.6243,BTCUSDT,61319.47,66419.15,1715814616103,1707546,61626.23,1715728200000,66154.68
42704.66855,BTCUSDT,61319.47,66419.15,1715814621695,1707559,61626.23,1715728200000,66154.68
42707.78582,BTCUSDT,61319.47,66419.15,1715814627203,1707645,61626.23,1715728200000,66163.99
42707.87465,BTCUSDT,61319.47,66419.15,1715814632774,1707664,61626.23,1715728200000,66164.0
42708.1368,BTCUSDT,61319.47,66419.15,1715814638383,1707676,61626.23,1715728200000,66164.0
42710.23674,BTCUSDT,61319.47,66419.15,1715814643961,1707761,61626.23,1715728200000,66140.0
42711.39153,BTCUSDT,61319.47,66419.15,1715814649573,1707809,61626.23,1715728200000,66140.0
42711.76133,BTCUSDT,61319.47,66419.15,1715814655158,1707831,61626.23,1715728200000,66140.0
42704.76303,BTCUSDT,61319.47,66419.15,1715814660673,1707506,61640.3,1715728260000,66137.02
42706.18149,BTCUSDT,61319.47,66419.15,1715814666241,1707569,61640.3,1715728260000,66125.4
42707.19704,BTCUSDT,61319.47,66419.15,1715814671769,1707616,61640.3,1715728260000,66114.01
42707.45297,BTCUSDT,61319.47,66419.15,1715814677361,1707641,61640.3,1715728260000,66114.0
42710.02501,BTCUSDT,61319.47,66419.15,1715814682870,1707705,61640.3,1715728260000,66125.39
42711.9781,BTCUSDT,61319.47,66419.15,1715814688389,1707763,61640.3,1715728260000,66139.99
42718.54379,BTCUSDT,61319.47,66419.15,1715814693971,1707911,61640.3,1715728260000,66150.37
42718.71979,BTCUSDT,61319.47,66419.15,1715814699505,1707940,61640.3,1715728260000,66150.38
42718.82911,BTCUSDT,61319.47,66419.15,1715814705107,1707967,61640.3,1715728260000,66150.37
42718.87768,BTCUSDT,61319.47,66419.15,1715814710643,1707986,61640.3,1715728260000,66150.38
42719.22365,BTCUSDT,61319.47,66419.15,1715814716248,1708009,61640.3,1715728260000,66150.37
42715.75709,BTCUSDT,61319.47,66419.15,1715814721794,1707834,61633.47,1715728320000,66150.38
42716.58445,BTCUSDT,61319.47,66419.15,1715814727359,1707870,61633.47,1715728320000,66150.37
42717.32423,BTCUSDT,61319.47,66419.15,1715814732936,1707902,61633.47,1715728320000,66150.37
42717.48697,BTCUSDT,61319.47,66419.15,1715814738549,1707923,61633.47,1715728320000,66150.37
42721.10298,BTCUSDT,61319.47,66419.15,1715814744090,1708008,61633.47,1715728320000,66142.29
42723.00349,BTCUSDT,61319.47,66419.15,1715814749668,1708075,61633.47,1715728320000,66150.37
42723.42338,BTCUSDT,61319.47,66419.15,1715814755272,1708100,61633.47,1715728320000,66150.38
42723.91712,BTCUSDT,61319.47,66419.15,1715814760814,1708141,61633.47,1715728320000,66153.15
42725.06313,BTCUSDT,61319.47,66419.15,1715814766387,1708169,61633.47,1715728320000,66153.33
42725.31606,BTCUSDT,61319.47,66419.15,1715814771992,1708184,61633.47,1715728320000,66153.34
42725.33278,BTCUSDT,61319.47,66419.15,1715814777504,1708203,61633.47,1715728320000,66153.33
42728.90078,BTCUSDT,61319.47,66419.15,1715814783035,1708134,61633.46,1715728380000,66133.34
42729.29535,BTCUSDT,61319.47,66419.15,1715814788591,1708156,61633.46,1715728380000,66133.33
42729.4619,BTCUSDT,61319.47,66419.15,1715814794177,1708186,61633.46,1715728380000,66133.34
42729.8333,BTCUSDT,61319.47,66419.15,1715814799746,1708220,61633.46,1715728380000,66139.59
42731.04854,BTCUSDT,61319.47,66419.15,1715814805351,1708248,61633.46,1715728380000,66139.59
42731.20873,BTCUSDT,61319.47,66419.15,1715814810877,1708265,61633.46,1715728380000,66139.59
42731.27128,BTCUSDT,61319.47,66419.15,1715814816450,1708284,61633.46,1715728380000,66139.6
42731.65129,BTCUSDT,61319.47,66419.15,1715814822072,1708306,61633.46,1715728380000,66139.59
42731.75146,BTCUSDT,61319.47,66419.15,1715814827670,1708325,61633.46,1715728380000,66139.6
42731.80949,BTCUSDT,61319.47,66419.15,1715814833308,1708342,61633.46,1715728380000,66139.59
42731.83167,BTCUSDT,61319.47,66419.15,1715814838875,1708357,61633.46,1715728380000,66139.6
42728.53264,BTCUSDT,61319.47,66419.15,1715814844457,1708204,61626.13,1715728440000,66139.59
42728.71029,BTCUSDT,61319.47,66419.15,1715814849988,1708226,61626.13,1715728440000,66139.59
42729.36984,BTCUSDT,61319.47,66419.15,1715814855517,1708255,61626.13,1715728440000,66139.6
42730.19074,BTCUSDT,61319.47,66419.15,1715814861057,1708287,61626.13,1715728440000,66139.6
42731.22583,BTCUSDT,61319.47,66419.15,1715814866664,1708363,61626.13,1715728440000,66143.2
42732.81316,BTCUSDT,61319.47,66419.15,1715814872176,1708404,61626.13,1715728440000,66149.99
42732.8975,BTCUSDT,61319.47,66419.15,1715814877753,1708422,61626.13,1715728440000,66150.0
42733.55986,BTCUSDT,61319.47,66419.15,1715814883303,1708461,61626.13,1715728440000,66151.51
42733.84854,BTCUSDT,61319.47,66419.15,1715814888848,1708485,61626.13,1715728440000,66151.5
42733.96218,BTCUSDT,61319.47,66419.15,1715814894397,1708501,61626.13,1715728440000,66151.5
42734.11487,BTCUSDT,61319.47,66419.15,1715814899970,1708523,61626.13,1715728440000,66151.5
42733.77924,BTCUSDT,61319.47,66419.15,1715814905465,1708426,61631.79,1715728500000,66151.5
42733.88454,BTCUSDT,61319.47,66419.15,1715814911009,1708447,61631.79,1715728500000,66151.5
42733.97548,BTCUSDT,61319.47,66419.15,1715814916593,1708475,61631.79,1715728500000,66151.5
42734.13624,BTCUSDT,61319.47,66419.15,1715814922173,1708491,61631.79,1715728500000,66151.5
42736.31191,BTCUSDT,61319.47,66419.15,1715814927721,1708589,61631.79,1715728500000,66183.88
42736.55011,BTCUSDT,61319.47,66419.15,1715814933220,1708620,61631.79,1715728500000,66183.88
42736.85898,BTCUSDT,61319.47,66419.15,1715814938810,1708651,61631.79,1715728500000,66183.89
42737.0157,BTCUSDT,61319.47,66419.15,1715814944409,1708675,61631.79,1715728500000,66183.89
42737.80035,BTCUSDT,61319.47,66419.15,1715814949948,1708743,61631.79,1715728500000,66166.66
42738.34956,BTCUSDT,61319.47,66419.15,1715814955456,1708773,61631.79,1715728500000,66166.66
42736.25301,BTCUSDT,61319.47,66419.15,1715814961002,1708632,61626.0,1715728560000,66166.66
42738.0069,BTCUSDT,61319.47,66419.15,1715814966489,1708666,61626.0,1715728560000,66166.67
42738.2435,BTCUSDT,61319.47,66419.15,1715814972035,1708696,61626.0,1715728560000,66175.41
42738.62414,BTCUSDT,61319.47,66419.15,1715814977570,1708736,61626.0,1715728560000,66180.0
42739.99822,BTCUSDT,61319.47,66419.15,1715814983107,1708820,61626.0,1715728560000,66199.77
42742.74468,BTCUSDT,61319.47,66419.15,1715814988627,1708913,61626.0,1715728560000,66219.99
42743.14674,BTCUSDT,61319.47,66419.15,1715814994149,1708959,61626.0,1715728560000,66219.99
42745.15336,BTCUSDT,61319.47,66419.15,1715814999760,1709015,61626.0,1715728560000,66212.01
42745.55426,BTCUSDT,61319.47,66419.15,1715815005436,1709056,61626.0,1715728560000,66212.01
42746.41485,BTCUSDT,61319.47,66419.15,1715815011246,1709115,61626.0,1715728560000,66219.98
42750.22834,BTCUSDT,61319.47,66419.15,1715815016762,1709282,61626.0,1715728560000,66233.97
42748.17785,BTCUSDT,61319.47,66419.15,1715815022296,1709144,61613.4,1715728620000,66233.97
42754.60263,BTCUSDT,61319.47,66419.15,1715815027776,1709256,61613.4,1715728620000,66217.39
42757.9714,BTCUSDT,61319.47,66419.15,1715815033339,1709369,61613.4,1715728620000,66190.99
42759.13991,BTCUSDT,61319.47,66419.15,1715815038824,1709424,61613.4,1715728620000,66186.96
42760.29275,BTCUSDT,61319.47,66419.15,1715815044379,1709476,61613.4,1715728620000,66198.0
42760.6071,BTCUSDT,61319.47,66419.15,1715815049862,1709500,61613.4,1715728620000,66200.0
42760.7738,BTCUSDT,61319.47,66419.15,1715815055446,1709517,61613.4,1715728620000,66199.99
42761.14322,BTCUSDT,61319.47,66419.15,1715815061004,1709546,61613.4,1715728620000,66200.0
42761.99428,BTCUSDT,61319.47,66419.15,1715815072409,1709608,61613.4,1715728620000,66199.99
42746.83477,BTCUSDT,61319.47,66419.15,1715815092246,1709319,61613.99,1715728680000,66199.67
42747.21766,BTCUSDT,61319.47,66419.15,1715815097845,1709344,61613.99,1715728680000,66199.67
42748.40067,BTCUSDT,61319.47,66419.15,1715815103558,1709385,61613.99,1715728680000,66199.68
42749.98367,BTCUSDT,61319.47,66419.15,1715815109189,1709431,61613.99,1715728680000,66200.0
42750.06675,BTCUSDT,61319.47,66419.15,1715815114664,1709446,61613.99,1715728680000,66199.99
42750.28205,BTCUSDT,61319.47,66419.15,1715815120169,1709471,61613.99,1715728680000,66199.99
42751.31284,BTCUSDT,61319.47,66419.15,1715815125634,1709525,61613.99,1715728680000,66199.67
42752.58978,BTCUSDT,61319.47,66419.15,1715815131244,1709584,61613.99,1715728680000,66200.0
42752.928,BTCUSDT,61319.47,66419.15,1715815136858,1709607,61613.99,1715728680000,66200.0
42747.6421,BTCUSDT,61319.47,66419.15,1715815142383,1709349,61585.68,1715728740000,66199.99
42747.85118,BTCUSDT,61319.47,66419.15,1715815148018,1709380,61585.68,1715728740000,66200.0
42749.79865,BTCUSDT,61319.47,66419.15,1715815153521,1709458,61585.68,1715728740000,66201.6
42750.1454,BTCUSDT,61319.47,66419.15,1715815159036,1709503,61585.68,1715728740000,66201.59
42752.4876,BTCUSDT,61319.47,66419.15,1715815164500,1709620,61585.68,1715728740000,66202.96
42752.95373,BTCUSDT,61319.47,66419.15,1715815169984,1709662,61585.68,1715728740000,66203.35
42753.11441,BTCUSDT,61319.47,66419.15,1715815175503,1709688,61585.68,1715728740000,66203.35
42753.45599,BTCUSDT,61319.47,66419.15,1715815181064,1709713,61585.68,1715728740000,66203.35
42753.73178,BTCUSDT,61319.47,66419.15,1715815186553,1709746,61585.68,1715728740000,66203.36
42754.31951,BTCUSDT,61319.47,66419.15,1715815192150,1709774,61585.68,1715728740000,66203.36
42755.05472,BTCUSDT,61319.47,66419.15,1715815197718,1709846,61585.68,1715728740000,66203.35
42752.2345,BTCUSDT,61319.47,66419.15,1715815203224,1709556,61555.34,1715728800000,66203.35
42758.83994,BTCUSDT,61319.47,66419.15,1715815209141,1709708,61555.34,1715728800000,66223.99
42762.71147,BTCUSDT,61319.47,66419.15,1715815214623,1709788,61555.34,1715728800000,66213.99
42763.33859,BTCUSDT,61319.47,66419.15,1715815220179,1709821,61555.34,1715728800000,66206.38
42764.55348,BTCUSDT,61319.47,66419.15,1715815225713,1709857,61555.34,1715728800000,66206.38
42766.32013,BTCUSDT,61319.47,66419.15,1715815231304,1709927,61555.34,1715728800000,66217.98
42767.38816,BTCUSDT,61319.47,66419.15,1715815236872,1709988,61555.34,1715728800000,66224.88
42769.52442,BTCUSDT,61319.47,66419.15,1715815242472,1710098,61555.34,1715728800000,66237.19
42773.26484,BTCUSDT,61319.47,66419.15,1715815248014,1710199,61555.34,1715728800000,66238.8
42773.87126,BTCUSDT,61319.47,66419.15,1715815253540,1710231,61555.34,1715728800000,66234.33
42774.05921,BTCUSDT,61319.47,66419.15,1715815259103,1710255,61555.34,1715728800000,66234.33
42769.94734,BTCUSDT,61319.47,66419.15,1715815264683,1709947,61570.0,1715728860000,66234.33
42771.07028,BTCUSDT,61319.47,66419.15,1715815270237,1709985,61570.0,1715728860000,66234.33
42771.94713,BTCUSDT,61319.47,66419.15,1715815275791,1710028,61570.0,1715728860000,66225.48
42773.90522,BTCUSDT,61319.47,66419.15,1715815281325,1710088,61570.0,1715728860000,66225.48
42775.23972,BTCUSDT,61319.47,66419.15,1715815286908,1710127,61570.0,1715728860000,66225.48
42779.57128,BTCUSDT,61319.47,66419.15,1715815292509,1710195,61570.0,1715728860000,66226.53
42781.43835,BTCUSDT,61319.47,66419.15,1715815298064,1710254,61570.0,1715728860000,66215.51
42782.10152,BTCUSDT,61319.47,66419.15,1715815303554,1710282,61570.0,1715728860000,66215.51
42782.82128,BTCUSDT,61319.47,66419.15,1715815309149,1710311,61570.0,1715728860000,66213.36
42783.17841,BTCUSDT,61319.47,66419.15,1715815314682,1710332,61570.0,1715728860000,66213.36
42779.72315,BTCUSDT,61319.47,66419.15,1715815320174,1710026,61550.36,1715728920000,66213.36
42780.5563,BTCUSDT,61319.47,66419.15,1715815325704,1710121,61550.36,1715728920000,66207.84
42783.17685,BTCUSDT,61319.47,66419.15,1715815331268,1710181,61550.36,1715728920000,66203.35
42783.55959,BTCUSDT,61319.47,66419.15,1715815336794,1710216,61550.36,1715728920000,66203.35
42783.67086,BTCUSDT,61319.47,66419.15,1715815342361,1710237,61550.36,1715728920000,66203.36
42786.28968,BTCUSDT,61319.47,66419.15,1715815347822,1710298,61550.36,1715728920000,66207.84
42794.52994,BTCUSDT,61319.47,66419.15,1715815353333,1710454,61550.36,1715728920000,66222.81
42795.67331,BTCUSDT,61319.47,66419.15,1715815358850,1710503,61550.36,1715728920000,66226.47
42796.26154,BTCUSDT,61319.47,66419.15,1715815364339,1710562,61550.36,1715728920000,66226.46
42796.97173,BTCUSDT,61319.47,66419.15,1715815369893,1710601,61550.36,1715728920000,66226.47
42797.71197,BTCUSDT,61319.47,66419.15,1715815375393,1710631,61550.36,1715728920000,66226.46
42794.64553,BTCUSDT,61319.47,66419.15,1715815380879,1710429,61552.8,1715728980000,66226.47
42795.38284,BTCUSDT,61319.47,66419.15,1715815386397,1710463,61552.8,1715728980000,66226.47
42796.81472,BTCUSDT,61319.47,66419.15,1715815391917,1710501,61552.8,1715728980000,66226.46
42797.43843,BTCUSDT,61319.47,66419.15,1715815397415,1710534,61552.8,1715728980000,66226.47
42797.95278,BTCUSDT,61319.47,66419.15,1715815402950,1710562,61552.8,1715728980000,66226.47
42799.03177,BTCUSDT,61319.47,66419.15,1715815408462,1710595,61552.8,1715728980000,66226.47
42799.28846,BTCUSDT,61319.47,66419.15,1715815414412,1710658,61552.8,1715728980000,66226.46
42799.54171,BTCUSDT,61319.47,66419.15,1715815419952,1710679,61552.8,1715728980000,66226.46
42799.84844,BTCUSDT,61319.47,66419.15,1715815425491,1710710,61552.8,1715728980000,66226.47
42800.1222,BTCUSDT,61319.47,66419.15,1715815431014,1710743,61552.8,1715728980000,66226.46
42800.34123,BTCUSDT,61319.47,66419.15,1715815436567,1710763,61552.8,1715728980000,66226.46
42799.76163,BTCUSDT,61319.47,66419.15,1715815442317,1710593,61564.96,1715729040000,66217.68
42802.6269,BTCUSDT,61319.47,66419.15,1715815447856,1710680,61564.96,1715729040000,66215.79
42805.38892,BTCUSDT,61319.47,66419.15,1715815453416,1710769,61564.96,1715729040000,66229.95
42808.45264,BTCUSDT,61319.47,66419.15,1715815458992,1710838,61564.96,1715729040000,66247.68
42809.49983,BTCUSDT,61319.47,66419.15,1715815464526,1710907,61564.96,1715729040000,66249.99
42810.27171,BTCUSDT,61319.47,66419.15,1715815469992,1710948,61564.96,1715729040000,66255.51
42811.87891,BTCUSDT,61319.47,66419.15,1715815475436,1711094,61564.96,1715729040000,66273.41
42813.17401,BTCUSDT,61319.47,66419.15,1715815480942,1711191,61564.96,1715729040000,66282.06
42815.74419,BTCUSDT,61319.47,66419.15,1715815486656,1711265,61564.96,1715729040000,66274.0
42816.04161,BTCUSDT,61319.47,66419.15,1715815492285,1711303,61564.96,1715729040000,66262.01
42816.1622,BTCUSDT,61319.47,66419.15,1715815497900,1711327,61564.96,1715729040000,66262.01
42814.06049,BTCUSDT,61319.47,66419.15,1715815503377,1711102,61564.98,1715729100000,66264.4
42819.25856,BTCUSDT,61319.47,66419.15,1715815509084,1711380,61564.98,1715729100000,66296.64
42825.45211,BTCUSDT,61319.47,66419.15,1715815514638,1711739,61564.98,1715729100000,66300.0
42828.56942,BTCUSDT,61319.47,66419.15,1715815520173,1711889,61564.98,1715729100000,66309.28
42829.88211,BTCUSDT,61319.47,66419.15,1715815525625,1711957,61564.98,1715729100000,66305.4
42833.18717,BTCUSDT,61319.47,66419.15,1715815531195,1712042,61564.98,1715729100000,66283.81
42835.85407,BTCUSDT,61319.47,66419.15,1715815536799,1712131,61564.98,1715729100000,66269.39
42838.83845,BTCUSDT,61319.47,66419.15,1715815542355,1712199,61564.98,1715729100000,66257.89
42839.88426,BTCUSDT,61319.47,66419.15,1715815547931,1712246,61564.98,1715729100000,66257.89
42841.53429,BTCUSDT,61319.47,66419.15,1715815553376,1712309,61564.98,1715729100000,66248.9
42842.11891,BTCUSDT,61319.47,66419.15,1715815558952,1712343,61564.98,1715729100000,66248.9
42843.18861,BTCUSDT,61319.47,66419.15,1715815564538,1712110,61557.92,1715729160000,66272.6
42845.42277,BTCUSDT,61319.47,66419.15,1715815570017,1712179,61557.92,1715729160000,66281.98
42846.1524,BTCUSDT,61319.47,66419.15,1715815575558,1712266,61557.92,1715729160000,66286.5
42846.76067,BTCUSDT,61319.47,66419.15,1715815581101,1712323,61557.92,1715729160000,66306.31
42851.38303,BTCUSDT,61319.47,66419.15,1715815586600,1712830,61557.92,1715729160000,66336.99
42859.66281,BTCUSDT,61319.47,66419.15,1715815592122,1713232,61557.92,1715729160000,66345.25
42865.39675,BTCUSDT,61319.47,66419.15,1715815597673,1713360,61557.92,1715729160000,66336.98
42872.35176,BTCUSDT,61319.47,66419.15,1715815603166,1713485,61557.92,1715729160000,66341.63
42879.5939,BTCUSDT,61319.47,66419.15,1715815608765,1713807,61557.92,1715729160000,66360.39
42895.70723,BTCUSDT,61319.47,66419.15,1715815614328,1714395,61557.92,1715729160000,66389.75
42897.44419,BTCUSDT,61319.47,66419.15,1715815619821,1714465,61557.92,1715729160000,66389.48
42898.20686,BTCUSDT,61319.47,66419.15,1715815625276,1714375,61550.01,1715729220000,66364.01
42900.57178,BTCUSDT,61319.47,66419.15,1715815630850,1714438,61550.01,1715729220000,66360.6
42901.72825,BTCUSDT,61319.47,66419.15,1715815636394,1714492,61550.01,1715729220000,66352.0
42907.34025,BTCUSDT,61319.47,66419.15,1715815641866,1714632,61550.01,1715729220000,66340.44
42908.835,BTCUSDT,61319.47,66419.15,1715815647394,1714711,61550.01,1715729220000,66334.22
42911.15909,BTCUSDT,61319.47,66419.15,1715815652941,1714833,61550.01,1715729220000,66341.09
42911.84728,BTCUSDT,61319.47,66419.15,1715815658406,1714896,61550.01,1715729220000,66349.99
42913.65551,BTCUSDT,61319.47,66419.15,1715815664005,1714996,61550.01,1715729220000,66367.87
42913.82188,BTCUSDT,61319.47,66419.15,1715815669530,1715018,61550.01,1715729220000,66367.87
42914.63019,BTCUSDT,61319.47,66419.15,1715815675034,1715091,61550.01,1715729220000,66352.0
42910.01446,BTCUSDT,61319.47,66419.15,1715815680547,1714727,61557.92,1715729280000,66352.01
42911.78725,BTCUSDT,61319.47,66419.15,1715815686141,1714794,61557.92,1715729280000,66339.21
42923.73102,BTCUSDT,61319.47,66419.15,1715815691739,1714946,61557.92,1715729280000,66329.77
42934.41911,BTCUSDT,61319.47,66419.15,1715815697344,1715128,61557.92,1715729280000,66333.99
42934.94278,BTCUSDT,61319.47,66419.15,1715815702917,1715160,61557.92,1715729280000,66326.0
42935.3595,BTCUSDT,61319.47,66419.15,1715815708429,1715198,61557.92,1715729280000,66333.28
42945.59939,BTCUSDT,61319.47,66419.15,1715815714029,1715342,61557.92,1715729280000,66324.01
42946.21994,BTCUSDT,61319.47,66419.15,1715815719558,1715369,61557.92,1715729280000,66322.92
42967.00225,BTCUSDT,61319.47,66419.15,1715815725130,1715572,61557.92,1715729280000,66310.0
42970.02714,BTCUSDT,61319.47,66419.15,1715815730695,1715632,61557.92,1715729280000,66305.68
42971.57274,BTCUSDT,61319.47,66419.15,1715815736254,1715670,61557.92,1715729280000,66305.69
42951.77595,BTCUSDT,61319.47,66419.15,1715815741780,1714950,61616.41,1715729340000,66305.68
42964.55087,BTCUSDT,61319.47,66419.15,1715815747295,1715204,61616.41,1715729340000,66245.69
42974.79541,BTCUSDT,61319.47,66419.15,1715815752787,1715334,61616.41,1715729340000,66243.61
42980.54417,BTCUSDT,61319.47,66419.15,1715815758349,1715480,61616.41,1715729340000,66229.35
42982.06063,BTCUSDT,61319.47,66419.15,1715815763908,1715535,61616.41,1715729340000,66234.0
42984.19053,BTCUSDT,61319.47,66419.15,1715815769429,1715610,61616.41,1715729340000,66240.0
42986.10934,BTCUSDT,61319.47,66419.15,1715815775046,1715672,61616.41,1715729340000,66241.78
42987.39083,BTCUSDT,61319.47,66419.15,1715815780672,1715713,61616.41,1715729340000,66237.47
42988.67932,BTCUSDT,61319.47,66419.15,1715815786227,1715766,61616.41,1715729340000,66237.47
42993.75709,BTCUSDT,61319.47,66419.15,1715815791678,1715824,61616.41,1715729340000,66235.5
42996.54531,BTCUSDT,61319.47,66419.15,1715815797266,1715865,61616.41,1715729340000,66235.51
42993.8012,BTCUSDT,61319.47,66419.15,1715815802822,1715664,61607.67,1715729400000,66234.2
42996.77362,BTCUSDT,61319.47,66419.15,1715815809802,1715787,61607.67,1715729400000,66239.94
42998.81249,BTCUSDT,61319.47,66419.15,1715815815423,1715879,61607.67,1715729400000,66235.52
42999.11738,BTCUSDT,61319.47,66419.15,1715815820950,1715925,61607.67,1715729400000,66235.51
42999.72027,BTCUSDT,61319.47,66419.15,1715815826627,1715952,61607.67,1715729400000,66234.89
43000.05546,BTCUSDT,61319.47,66419.15,1715815832227,1715985,61607.67,1715729400000,66232.2
43000.62048,BTCUSDT,61319.47,66419.15,1715815837817,1716021,61607.67,1715729400000,66229.35
43002.15301,BTCUSDT,61319.47,66419.15,1715815843318,1716064,61607.67,1715729400000,66231.34
43002.54254,BTCUSDT,61319.47,66419.15,1715815848898,1716094,61607.67,1715729400000,66231.34
43006.08595,BTCUSDT,61319.47,66419.15,1715815854408,1716178,61607.67,1715729400000,66235.79
43007.18518,BTCUSDT,61319.47,66419.15,1715815859984,1716216,61607.67,1715729400000,66231.22
43002.54603,BTCUSDT,61319.47,66419.15,1715815865496,1715923,61602.01,1715729460000,66224.41
43002.66062,BTCUSDT,61319.47,66419.15,1715815871046,1715935,61602.01,1715729460000,66224.4
43004.58127,BTCUSDT,61319.47,66419.15,1715815876598,1716019,61602.01,1715729460000,66216.59
43005.06452,BTCUSDT,61319.47,66419.15,1715815882116,1716046,61602.01,1715729460000,66216.59
43005.9371,BTCUSDT,61319.47,66419.15,1715815887634,1716093,61602.01,1715729460000,66215.63
43006.44037,BTCUSDT,61319.47,66419.15,1715815893082,1716122,61602.01,1715729460000,66214.28
43007.2662,BTCUSDT,61319.47,66419.15,1715815898662,1716154,61602.01,1715729460000,66212.77
43007.4235,BTCUSDT,61319.47,66419.15,1715815904188,1716174,61602.01,1715729460000,66212.77
43007.84759,BTCUSDT,61319.47,66419.15,1715815909672,1716200,61602.01,1715729460000,66212.77
43008.31156,BTCUSDT,61319.47,66419.15,1715815915181,1716229,61602.01,1715729460000,66212.76
43008.02258,BTCUSDT,61319.47,66419.15,1715815920732,1716093,61597.95,1715729520000,66212.76
43008.80251,BTCUSDT,61319.47,66419.15,1715815926274,1716117,61597.95,1715729520000,66212.36
43008.86722,BTCUSDT,61319.47,66419.15,1715815931792,1716134,61597.95,1715729520000,66212.36
43009.84799,BTCUSDT,61319.47,66419.15,1715815937308,1716167,61597.95,1715729520000,66210.64
43010.34153,BTCUSDT,61319.47,66419.15,1715815942825,1716207,61597.95,1715729520000,66207.42
43011.01825,BTCUSDT,61319.47,66419.15,1715815948344,1716263,61597.95,1715729520000,66202.0
43012.39398,BTCUSDT,61319.47,66419.15,1715815953880,1716330,61597.95,1715729520000,66199.01
43012.82161,BTCUSDT,61319.47,66419.15,1715815959427,1716369,61597.95,1715729520000,66193.34
43015.15718,BTCUSDT,61319.47,66419.15,1715815964936,1716423,61597.95,1715729520000,66196.02
43015.67908,BTCUSDT,61319.47,66419.15,1715815970518,1716445,61597.95,1715729520000,66196.01
43016.46431,BTCUSDT,61319.47,66419.15,1715815976069,1716496,61597.95,1715729520000,66198.99
43009.08837,BTCUSDT,61319.47,66419.15,1715815981648,1716269,61614.0,1715729580000,66198.99
43015.43845,BTCUSDT,61319.47,66419.15,1715815987169,1716350,61614.0,1715729580000,66209.78
43015.71951,BTCUSDT,61319.47,66419.15,1715815992669,1716371,61614.0,1715729580000,66209.79
43017.67091,BTCUSDT,61319.47,66419.15,1715815998209,1716427,61614.0,1715729580000,66198.99
43018.42102,BTCUSDT,61319.47,66419.15,1715816003721,1716463,61614.0,1715729580000,66196.0
43018.57457,BTCUSDT,61319.47,66419.15,1715816009248,1716480,61614.0,1715729580000,66196.0
43018.70295,BTCUSDT,61319.47,66419.15,1715816014802,1716495,61614.0,1715729580000,66196.0
43019.36925,BTCUSDT,61319.47,66419.15,1715816020407,1716530,61614.0,1715729580000,66193.33
43019.68029,BTCUSDT,61319.47,66419.15,1715816025871,1716574,61614.0,1715729580000,66192.48
43020.92232,BTCUSDT,61319.47,66419.15,1715816031455,1716617,61614.0,1715729580000,66186.66
43022.73456,BTCUSDT,61319.47,66419.15,1715816037016,1716701,61614.0,1715729580000,66173.33
43014.03781,BTCUSDT,61319.47,66419.15,1715816042562,1716386,61570.98,1715729640000,66173.34
43015.02521,BTCUSDT,61319.47,66419.15,1715816048144,1716490,61570.98,1715729640000,66159.99
43015.41162,BTCUSDT,61319.47,66419.15,1715816053706,1716516,61570.98,1715729640000,66159.99
43017.22906,BTCUSDT,61319.47,66419.15,1715816059295,1716588,61570.98,1715729640000,66164.31
43018.32329,BTCUSDT,61319.47,66419.15,1715816065153,1716669,61570.98,1715729640000,66178.99
43018.59757,BTCUSDT,61319.47,66419.15,1715816070699,1716688,61570.98,1715729640000,66179.0
43019.35135,BTCUSDT,61319.47,66419.15,1715816076220,1716720,61570.98,1715729640000,66173.12
43022.03492,BTCUSDT,61319.47,66419.15,1715816081744,1716769,61570.98,1715729640000,66164.01
43023.49643,BTCUSDT,61319.47,66419.15,1715816087248,1716810,61570.98,1715729640000,66163.0
43023.59854,BTCUSDT,61319.47,66419.15,1715816092742,1716836,61570.98,1715729640000,66163.01
43024.11937,BTCUSDT,61319.47,66419.15,1715816098307,1716862,61570.98,1715729640000,66163.01
43021.51539,BTCUSDT,61319.47,66419.15,1715816103876,1716634,61586.22,1715729700000,66158.44
43022.17091,BTCUSDT,61319.47,66419.15,1715816109424,1716729,61586.22,1715729700000,66148.61
43023.70887,BTCUSDT,61319.47,66419.15,1715816114987,1716783,61586.22,1715729700000,66142.34
43025.25424,BTCUSDT,61319.47,66419.15,1715816120548,1716847,61586.22,1715729700000,66152.38
43034.05249,BTCUSDT,61319.47,66419.15,1715816126106,1717055,61586.22,1715729700000,66177.4
43034.17204,BTCUSDT,61319.47,66419.15,1715816131705,1717072,61586.22,1715729700000,66177.39
43034.47787,BTCUSDT,61319.47,66419.15,1715816137291,1717109,61586.22,1715729700000,66177.39
43034.80968,BTCUSDT,61319.47,66419.15,1715816142887,1717136,61586.22,1715729700000,66177.39
43034.94924,BTCUSDT,61319.47,66419.15,1715816148404,1717157,61586.22,1715729700000,66177.39
43035.03961,BTCUSDT,61319.47,66419.15,1715816153982,1717170,61586.22,1715729700000,66177.4
43040.4866,BTCUSDT,61319.47,66419.15,1715816159485,1717208,61586.22,1715729700000,66177.39
43040.38983,BTCUSDT,61319.47,66419.15,1715816165037,1717058,61561.6,1715729760000,66204.44
43042.00017,BTCUSDT,61319.47,66419.15,1715816170594,1717143,61561.6,1715729760000,66208.0
43048.45914,BTCUSDT,61319.47,66419.15,1715816176075,1717322,61561.6,1715729760000,66236.0
43049.46213,BTCUSDT,61319.47,66419.15,1715816181687,1717381,61561.6,1715729760000,66247.75
43049.77783,BTCUSDT,61319.47,66419.15,1715816187147,1717414,61561.6,1715729760000,66247.75
43050.28373,BTCUSDT,61319.47,66419.15,1715816192703,1717469,61561.6,1715729760000,66243.99
43050.43288,BTCUSDT,61319.47,66419.15,1715816198259,1717489,61561.6,1715729760000,66243.99
43051.7106,BTCUSDT,61319.47,66419.15,1715816203779,1717590,61561.6,1715729760000,66253.52
43052.53361,BTCUSDT,61319.47,66419.15,1715816209381,1717649,61561.6,1715729760000,66264.59
43053.88251,BTCUSDT,61319.47,66419.15,1715816214947,1717706,61561.6,1715729760000,66264.59
43026.10214,BTCUSDT,61319.47,66419.15,1715816220517,1717208,61568.0,1715729820000,66264.59
43026.16153,BTCUSDT,61319.47,66419.15,1715816226127,1717240,61568.0,1715729820000,66264.59
43027.11888,BTCUSDT,61319.47,66419.15,1715816231709,1717292,61568.0,1715729820000,66250.4
43028.47742,BTCUSDT,61319.47,66419.15,1715816237185,1717383,61568.0,1715729820000,66231.9
43029.93905,BTCUSDT,61319.47,66419.15,1715816242764,1717442,61568.0,1715729820000,66212.0
43031.30158,BTCUSDT,61319.47,66419.15,1715816248309,1717497,61568.0,1715729820000,66200.01
43031.86252,BTCUSDT,61319.47,66419.15,1715816253866,1717530,61568.0,1715729820000,66211.45
43031.97574,BTCUSDT,61319.47,66419.15,1715816259483,1717547,61568.0,1715729820000,66211.45
43031.98967,BTCUSDT,61319.47,66419.15,1715816265013,1717561,61568.0,1715729820000,66211.46
43032.36368,BTCUSDT,61319.47,66419.15,1715816270583,1717591,61568.0,1715729820000,66211.46
43032.50049,BTCUSDT,61319.47,66419.15,1715816276090,1717611,61568.0,1715729820000,66211.44
43023.41807,BTCUSDT,61319.47,66419.15,1715816281646,1717319,61570.0,1715729880000,66211.45
43023.60517,BTCUSDT,61319.47,66419.15,1715816287210,1717348,61570.0,1715729880000,66211.44
43023.79163,BTCUSDT,61319.47,66419.15,1715816292736,1717367,61570.0,1715729880000,66211.44
43024.28249,BTCUSDT,61319.47,66419.15,1715816298278,1717391,61570.0,1715729880000,66211.45
43024.71328,BTCUSDT,61319.47,66419.15,1715816303796,1717410,61570.0,1715729880000,66211.44
43024.80761,BTCUSDT,61319.47,66419.15,1715816309320,1717427,61570.0,1715729880000,66211.44
43025.35414,BTCUSDT,61319.47,66419.15,1715816314937,1717450,61570.0,1715729880000,66211.44
43028.24256,BTCUSDT,61319.47,66419.15,1715816320696,1717569,61570.0,1715729880000,66208.13
43030.46329,BTCUSDT,61319.47,66419.15,1715816326194,1717625,61570.0,1715729880000,66180.01
43030.60099,BTCUSDT,61319.47,66419.15,1715816331773,1717648,61570.0,1715729880000,66180.0
43030.78681,BTCUSDT,61319.47,66419.15,1715816337367,1717675,61570.0,1715729880000,66180.01
43007.71451,BTCUSDT,61319.47,66419.15,1715816342957,1717004,61574.21,1715729940000,66186.6
43009.61823,BTCUSDT,61319.47,66419.15,1715816348537,1717064,61574.21,1715729940000,66177.39
43010.08575,BTCUSDT,61319.47,66419.15,1715816354083,1717086,61574.21,1715729940000,66177.39
43011.41745,BTCUSDT,61319.47,66419.15,1715816359648,1717148,61574.21,1715729940000,66190.92
43012.14787,BTCUSDT,61319.47,66419.15,1715816365220,1717193,61574.21,1715729940000,66203.27
43012.45959,BTCUSDT,61319.47,66419.15,1715816370745,1717217,61574.21,1715729940000,66203.27
43014.91614,BTCUSDT,61319.47,66419.15,1715816376310,1717249,61574.21,1715729940000,66203.28
43016.31337,BTCUSDT,61319.47,66419.15,1715816381896,1717313,61574.21,1715729940000,66211.85
43016.80815,BTCUSDT,61319.47,66419.15,1715816387436,1717362,61574.21,1715729940000,66221.42
43019.59649,BTCUSDT,61319.47,66419.15,1715816392941,1717438,61574.21,1715729940000,66236.58
43021.62598,BTCUSDT,61319.47,66419.15,1715816398494,1717474,61574.21,1715729940000,66229.2
43019.36794,BTCUSDT,61319.47,66419.15,1715816404054,1717261,61580.0,1715730000000,66249.99
43020.24256,BTCUSDT,61319.47,66419.15,1715816409579,1717330,61580.0,1715730000000,66244.6
43020.78473,BTCUSDT,61319.47,66419.15,1715816415130,1717372,61580.0,1715730000000,66242.0
43021.34967,BTCUSDT,61319.47,66419.15,1715816420726,1717424,61580.0,1715730000000,66233.22
43051.34537,BTCUSDT,61319.47,66419.15,1715816426283,1717871,61580.0,1715730000000,66304.33
43054.23734,BTCUSDT,61319.47,66419.15,1715816431817,1718004,61580.0,1715730000000,66299.0
43056.04849,BTCUSDT,61319.47,66419.15,1715816437314,1718076,61580.0,1715730000000,66299.0
43061.41524,BTCUSDT,61319.47,66419.15,1715816442825,1718220,61580.0,1715730000000,66325.96
43063.68661,BTCUSDT,61319.47,66419.15,1715816448474,1718384,61580.0,1715730000000,66337.75
43067.42799,BTCUSDT,61319.47,66419.15,1715816454326,1718503,61580.0,1715730000000,66319.5
43064.77241,BTCUSDT,61319.47,66419.15,1715816460210,1718241,61567.06,1715730060000,66300.25
43066.77034,BTCUSDT,61319.47,66419.15,1715816466128,1718332,61567.06,1715730060000,66302.71
43067.62354,BTCUSDT,61319.47,66419.15,1715816472027,1718394,61567.06,1715730060000,66292.6
43067.91037,BTCUSDT,61319.47,66419.15,1715816477957,1718427,61567.06,1715730060000,66294.97
43070.30469,BTCUSDT,61319.47,66419.15,1715816483743,1718515,61567.06,1715730060000,66321.07
43073.69858,BTCUSDT,61319.47,66419.15,1715816489679,1718621,61567.06,1715730060000,66321.08
43076.23487,BTCUSDT,61319.47,66419.15,1715816495600,1718726,61567.06,1715730060000,66304.03
43077.91542,BTCUSDT,61319.47,66419.15,1715816501099,1718801,61567.06,1715730060000,66317.99
43078.79325,BTCUSDT,61319.47,66419.15,1715816506621,1718864,61567.06,1715730060000,66320.27
43079.44672,BTCUSDT,61319.47,66419.15,1715816512094,1718910,61567.06,1715730060000,66320.27
43084.13885,BTCUSDT,61319.47,66419.15,1715816517578,1719046,61567.06,1715730060000,66332.6
43087.72363,BTCUSDT,61319.47,66419.15,1715816523152,1718956,61561.1,1715730120000,66310.0
43108.41877,BTCUSDT,61319.47,66419.15,1715816528676,1719199,61561.1,1715730120000,66339.0
43109.21303,BTCUSDT,61319.47,66419.15,1715816534163,1719248,61561.1,1715730120000,66329.55
43110.25498,BTCUSDT,61319.47,66419.15,1715816539638,1719293,61561.1,1715730120000,66316.04
43110.53604,BTCUSDT,61319.47,66419.15,1715816545197,1719340,61561.1,1715730120000,66316.04
43114.2189,BTCUSDT,61319.47,66419.15,1715816550792,1719454,61561.1,1715730120000,66336.01
43114.46189,BTCUSDT,61319.47,66419.15,1715816556400,1719472,61561.1,1715730120000,66338.98
43114.98708,BTCUSDT,61319.47,66419.15,1715816561894,1719494,61561.1,1715730120000,66338.98
43115.1035,BTCUSDT,61319.47,66419.15,1715816567460,1719512,61561.1,1715730120000,66338.99
43115.91723,BTCUSDT,61319.47,66419.15,1715816573016,1719563,61561.1,1715730120000,66345.38
43117.00775,BTCUSDT,61319.47,66419.15,1715816578608,1719598,61561.1,1715730120000,66347.99
43113.36082,BTCUSDT,61319.47,66419.15,1715816584177,1719235,61578.63,1715730180000,66347.99
43114.03707,BTCUSDT,61319.47,66419.15,1715816589704,1719267,61578.63,1715730180000,66347.99
43114.20383,BTCUSDT,61319.47,66419.15,1715816595274,1719298,61578.63,1715730180000,66347.99
43114.74431,BTCUSDT,61319.47,66419.15,1715816600858,1719334,61578.63,1715730180000,66349.99
43169.60336,BTCUSDT,61319.47,66444.16,1715816606365,1721116,61578.63,1715730180000,66425.54
43176.07891,BTCUSDT,61319.47,66444.16,1715816611987,1721302,61578.63,1715730180000,66414.4
43187.93845,BTCUSDT,61319.47,66444.16,1715816617565,1721855,61578.63,1715730180000,66419.72
43190.45788,BTCUSDT,61319.47,66444.16,1715816623092,1721989,61578.63,1715730180000,66389.0
43193.152,BTCUSDT,61319.47,66444.16,1715816628603,1722128,61578.63,1715730180000,66390.33
43195.43365,BTCUSDT,61319.47,66444.16,1715816634153,1722249,61578.63,1715730180000,66383.44
43196.56513,BTCUSDT,61319.47,66444.16,1715816639685,1722329,61578.63,1715730180000,66388.13
43196.30612,BTCUSDT,61319.47,66444.16,1715816645200,1722227,61567.2,1715730240000,66376.81
43214.67769,BTCUSDT,61319.47,66444.16,1715816650647,1722458,61567.2,1715730240000,66354.32
43218.55371,BTCUSDT,61319.47,66444.16,1715816656196,1722573,61567.2,1715730240000,66343.5
43220.67763,BTCUSDT,61319.47,66444.16,1715816661701,1722637,61567.2,1715730240000,66336.02
43224.24617,BTCUSDT,61319.47,66444.16,1715816667273,1722748,61567.2,1715730240000,66357.99
43226.59875,BTCUSDT,61319.47,66444.16,1715816672757,1722818,61567.2,1715730240000,66339.0
43227.93076,BTCUSDT,61319.47,66444.16,1715816678254,1722895,61567.2,1715730240000,66339.01
43229.78607,BTCUSDT,61319.47,66444.16,1715816683856,1722945,61567.2,1715730240000,66339.01
43230.81068,BTCUSDT,61319.47,66444.16,1715816689396,1722997,61567.2,1715730240000,66336.01
43239.73646,BTCUSDT,61319.47,66444.16,1715816694897,1723157,61567.2,1715730240000,66336.01
43248.21844,BTCUSDT,61319.47,66444.16,1715816700403,1722923,61561.87,1715730300000,66331.02
43252.42621,BTCUSDT,61319.47,66444.16,1715816705972,1723070,61561.87,1715730300000,66323.99
43253.49944,BTCUSDT,61319.47,66444.16,1715816711579,1723157,61561.87,1715730300000,66326.0
43257.55225,BTCUSDT,61319.47,66444.16,1715816717104,1723229,61561.87,1715730300000,66316.0
43258.2956,BTCUSDT,61319.47,66444.16,1715816722643,1723298,61561.87,1715730300000,66319.79
43258.94451,BTCUSDT,61319.47,66444.16,1715816728242,1723371,61561.87,1715730300000,66328.0
43270.82178,BTCUSDT,61319.47,66444.16,1715816733822,1723542,61561.87,1715730300000,66314.73
43272.00154,BTCUSDT,61319.47,66444.16,1715816739338,1723601,61561.87,1715730300000,66309.19
43272.75362,BTCUSDT,61319.47,66444.16,1715816744871,1723629,61561.87,1715730300000,66309.18
43274.8727,BTCUSDT,61319.47,66444.16,1715816750432,1723722,61561.87,1715730300000,66305.39
43276.43753,BTCUSDT,61319.47,66444.16,1715816755947,1723825,61561.87,1715730300000,66320.63
43276.48794,BTCUSDT,61319.47,66444.16,1715816761546,1723695,61561.87,1715730360000,66320.64
43277.60693,BTCUSDT,61319.47,66444.16,1715816767153,1723734,61561.87,1715730360000,66314.17
43277.88096,BTCUSDT,61319.47,66444.16,1715816772724,1723760,61561.87,1715730360000,66314.17
43277.99373,BTCUSDT,61319.47,66444.16,1715816778327,1723784,61561.87,1715730360000,66314.17
43283.42365,BTCUSDT,61319.47,66444.16,1715816783835,1723919,61561.87,1715730360000,66324.94
43283.85614,BTCUSDT,61319.47,66444.16,1715816789279,1723955,61561.87,1715730360000,66324.95
43292.15079,BTCUSDT,61319.47,66444.16,1715816794799,1724207,61561.87,1715730360000,66366.54
43293.16424,BTCUSDT,61319.47,66444.16,1715816800294,1724253,61561.87,1715730360000,66376.0
43294.17616,BTCUSDT,61319.47,66444.16,1715816805824,1724286,61561.87,1715730360000,66375.99
43295.2984,BTCUSDT,61319.47,66444.16,1715816811380,1724357,61561.87,1715730360000,66362.97
43295.78209,BTCUSDT,61319.47,66444.16,1715816816894,1724385,61561.87,1715730360000,66362.97
43289.8592,BTCUSDT,61319.47,66444.16,1715816822405,1724005,61591.0,1715730420000,66354.33
43291.37155,BTCUSDT,61319.47,66444.16,1715816827843,1724080,61591.0,1715730420000,66365.71
43291.51532,BTCUSDT,61319.47,66444.16,1715816833404,1724107,61591.0,1715730420000,66365.71
43292.17793,BTCUSDT,61319.47,66444.16,1715816838877,1724140,61591.0,1715730420000,66365.72
43293.90003,BTCUSDT,61319.47,66444.16,1715816844327,1724217,61591.0,1715730420000,66366.53
43296.42843,BTCUSDT,61319.47,66444.16,1715816849867,1724299,61591.0,1715730420000,66340.61
43297.24326,BTCUSDT,61319.47,66444.16,1715816855399,1724337,61591.0,1715730420000,66332.0
43312.41539,BTCUSDT,61319.47,66444.16,1715816860936,1724452,61591.0,1715730420000,66314.21
43314.32806,BTCUSDT,61319.47,66444.16,1715816866513,1724508,61591.0,1715730420000,66317.69
43316.00493,BTCUSDT,61319.47,66444.16,1715816872095,1724546,61591.0,1715730420000,66317.7
43317.98267,BTCUSDT,61319.47,66444.16,1715816877572,1724587,61591.0,1715730420000,66317.69
43316.6161,BTCUSDT,61319.47,66444.16,1715816883147,1724269,61602.8,1715730480000,66322.05
43317.28171,BTCUSDT,61319.47,66444.16,1715816888733,1724297,61602.8,1715730480000,66322.04
43320.58489,BTCUSDT,61319.47,66444.16,1715816894234,1724381,61602.8,1715730480000,66325.05
43321.48869,BTCUSDT,61319.47,66444.16,1715816899756,1724423,61602.8,1715730480000,66331.99
43322.15008,BTCUSDT,61319.47,66444.16,1715816905361,1724477,61602.8,1715730480000,66348.6
43323.20561,BTCUSDT,61319.47,66444.16,1715816910892,1724539,61602.8,1715730480000,66358.24
43330.98185,BTCUSDT,61319.47,66444.16,1715816916433,1724712,61602.8,1715730480000,66328.41
43331.7194,BTCUSDT,61319.47,66444.16,1715816921891,1724745,61602.8,1715730480000,66328.41
43332.96326,BTCUSDT,61319.47,66444.16,1715816927386,1724803,61602.8,1715730480000,66331.71
43336.8976,BTCUSDT,61319.47,66444.16,1715816932898,1724889,61602.8,1715730480000,66319.43
43337.55049,BTCUSDT,61319.47,66444.16,1715816938304,1724927,61602.8,1715730480000,66325.19
43337.23257,BTCUSDT,61319.47,66444.16,1715816943905,1724800,61603.59,1715730540000,66328.21
43337.78455,BTCUSDT,61319.47,66444.16,1715816949359,1724829,61603.59,1715730540000,66328.21
43339.50557,BTCUSDT,61319.47,66444.16,1715816954836,1724882,61603.59,1715730540000,66319.42
43362.14727,BTCUSDT,61319.47,66444.16,1715816960405,1725115,61603.59,1715730540000,66291.8
43366.29241,BTCUSDT,61319.47,66444.16,1715816965971,1725193,61603.59,1715730540000,66293.2
43367.87708,BTCUSDT,61319.47,66444.16,1715816971677,1725238,61603.59,1715730540000,66294.1
43368.15958,BTCUSDT,61319.47,66444.16,1715816977260,1725265,61603.59,1715730540000,66294.1
43369.73387,BTCUSDT,61319.47,66444.16,1715816982789,1725303,61603.59,1715730540000,66294.1
43372.31136,BTCUSDT,61319.47,66444.16,1715816988224,1725360,61603.59,1715730540000,66294.1
43374.33424,BTCUSDT,61319.47,66444.16,1715816993767,1725436,61603.59,1715730540000,66294.1
43378.31275,BTCUSDT,61319.47,66444.16,1715816999232,1725517,61603.59,1715730540000,66284.0
43379.45559,BTCUSDT,61319.47,66444.16,1715817004854,1725395,61604.86,1715730600000,66283.17
43381.29008,BTCUSDT,61319.47,66444.16,1715817010411,1725457,61604.86,1715730600000,66276.0
43383.09907,BTCUSDT,61319.47,66444.16,1715817015963,1725508,61604.86,1715730600000,66270.78
43386.82954,BTCUSDT,61319.47,66444.16,1715817021541,1725559,61604.86,1715730600000,66270.77
43388.69125,BTCUSDT,61319.47,66444.16,1715817027093,1725621,61604.86,1715730600000,66262.81
43390.0556,BTCUSDT,61319.47,66444.16,1715817032649,1725735,61604.86,1715730600000,66264.02
43390.11454,BTCUSDT,61319.47,66444.16,1715817038231,1725753,61604.86,1715730600000,66264.03
43392.98075,BTCUSDT,61319.47,66444.16,1715817043716,1725792,61604.86,1715730600000,66250.0
43393.28754,BTCUSDT,61319.47,66444.16,1715817049234,1725821,61604.86,1715730600000,66250.01
43394.3923,BTCUSDT,61319.47,66444.16,1715817054842,1725893,61604.86,1715730600000,66240.66
43390.55458,BTCUSDT,61319.47,66444.16,1715817060383,1725652,61582.21,1715730660000,66240.66
43391.03419,BTCUSDT,61319.47,66444.16,1715817065950,1725736,61582.21,1715730660000,66238.9
43391.22142,BTCUSDT,61319.47,66444.16,1715817071524,1725767,61582.21,1715730660000,66238.9
43391.58214,BTCUSDT,61319.47,66444.16,1715817077032,1725795,61582.21,1715730660000,66238.91
43392.20631,BTCUSDT,61319.47,66444.16,1715817082567,1725846,61582.21,1715730660000,66236.35
43394.03806,BTCUSDT,61319.47,66444.16,1715817088154,1725960,61582.21,1715730660000,66215.92
43394.71419,BTCUSDT,61319.47,66444.16,1715817093706,1726030,61582.21,1715730660000,66205.4
43397.50821,BTCUSDT,61319.47,66444.16,1715817099209,1726103,61582.21,1715730660000,66201.09
43404.82207,BTCUSDT,61319.47,66444.16,1715817104754,1726258,61582.21,1715730660000,66218.02
43405.6222,BTCUSDT,61319.47,66444.16,1715817110231,1726311,61582.21,1715730660000,66208.0
43407.46127,BTCUSDT,61319.47,66444.16,1715817115766,1726373,61582.21,1715730660000,66205.35
43402.51934,BTCUSDT,61319.47,66444.16,1715817121287,1726046,61612.19,1715730720000,66205.36
43403.34178,BTCUSDT,61319.47,66444.16,1715817126856,1726138,61612.19,1715730720000,66212.0
43403.4462,BTCUSDT,61319.47,66444.16,1715817132406,1726163,61612.19,1715730720000,66212.01
43404.20916,BTCUSDT,61319.47,66444.16,1715817137950,1726198,61612.19,1715730720000,66211.61
43404.45243,BTCUSDT,61319.47,66444.16,1715817143484,1726222,61612.19,1715730720000,66211.6
43405.03436,BTCUSDT,61319.47,66444.16,1715817149270,1726256,61612.19,1715730720000,66211.61
43405.17763,BTCUSDT,61319.47,66444.16,1715817154770,1726286,61612.19,1715730720000,66211.6
43405.34152,BTCUSDT,61319.47,66444.16,1715817160298,1726321,61612.19,1715730720000,66211.6
43405.4635,BTCUSDT,61319.47,66444.16,1715817165811,1726342,61612.19,1715730720000,66211.61
43405.72335,BTCUSDT,61319.47,66444.16,1715817171356,1726365,61612.19,1715730720000,66211.61
43405.83138,BTCUSDT,61319.47,66444.16,1715817176937,1726386,61612.19,1715730720000,66211.6
43404.91727,BTCUSDT,61319.47,66444.16,1715817182407,1726206,61598.81,1715730780000,66211.6
43405.68704,BTCUSDT,61319.47,66444.16,1715817187943,1726279,61598.81,1715730780000,66215.51
43406.22222,BTCUSDT,61319.47,66444.16,1715817193520,1726315,61598.81,1715730780000,66211.62
43406.70297,BTCUSDT,61319.47,66444.16,1715817199083,1726347,61598.81,1715730780000,66207.87
43413.62871,BTCUSDT,61319.47,66444.16,1715817204638,1726437,61598.81,1715730780000,66200.47
43413.83208,BTCUSDT,61319.47,66444.16,1715817210216,1726463,61598.81,1715730780000,66200.47
43413.87237,BTCUSDT,61319.47,66444.16,1715817215736,1726483,61598.81,1715730780000,66200.47
43414.08568,BTCUSDT,61319.47,66444.16,1715817221170,1726503,61598.81,1715730780000,66200.47
43415.40489,BTCUSDT,61319.47,66444.16,1715817226648,1726550,61598.81,1715730780000,66200.01
43416.74215,BTCUSDT,61319.47,66444.16,1715817232184,1726635,61598.81,1715730780000,66200.0
43416.95552,BTCUSDT,61319.47,66444.16,1715817237685,1726658,61598.81,1715730780000,66200.01
43415.67184,BTCUSDT,61319.47,66444.16,1715817243220,1726555,61595.04,1715730840000,66200.0
43416.63531,BTCUSDT,61319.47,66444.16,1715817248781,1726636,61595.04,1715730840000,66190.24
43439.81187,BTCUSDT,61319.47,66444.16,1715817254270,1727042,61595.04,1715730840000,66240.75
43443.02944,BTCUSDT,61319.47,66444.16,1715817259817,1727161,61595.04,1715730840000,66238.02
43445.23695,BTCUSDT,61319.47,66444.16,1715817265340,1727236,61595.04,1715730840000,66235.17
43446.1422,BTCUSDT,61319.47,66444.16,1715817270834,1727301,61595.04,1715730840000,66229.37
43446.21922,BTCUSDT,61319.47,66444.16,1715817276451,1727342,61595.04,1715730840000,66229.38
43448.88057,BTCUSDT,61319.47,66444.16,1715817281942,1727424,61595.04,1715730840000,66243.5
43449.72409,BTCUSDT,61319.47,66444.16,1715817287504,1727455,61595.04,1715730840000,66243.5
43450.33024,BTCUSDT,61319.47,66444.16,1715817293069,1727519,61595.04,1715730840000,66247.65
43451.6976,BTCUSDT,61319.47,66444.16,1715817298633,1727557,61595.04,1715730840000,66248.0
43448.59692,BTCUSDT,61319.47,66444.16,1715817304138,1727364,61602.23,1715730900000,66240.46
